challenge_row_id,age,SBP,TG,HDL,ALT,sex,prefecture
0,63,107.57800880558034,99.78894644577446,40.476890884242636,11.007740039987109,0,埼玉県
1,65,145.69375019343408,87.92649449863218,56.238291465878596,14.863065388730787,1,埼玉県
2,72,107.98200640854472,46.43107064498029,41.09470776772317,11.726252278081306,0,埼玉県
3,54,141.55540477931427,52.43650409195226,41.522956578298945,4.412320313968781,0,埼玉県
4,74,141.69201047471307,51.6176313222884,41.619178336859996,9.208165319297168,0,埼玉県
5,57,117.14601268386201,138.4385979981667,41.19933519072099,6.969451938924854,0,埼玉県
6,50,122.0406155597305,178.47137664071704,41.2025992143738,17.211409890503997,0,埼玉県
7,51,139.3966373396614,47.30276515055738,41.35834067562778,14.73806063046459,0,埼玉県
8,64,124.52462761277971,61.19855528083072,41.74995737767231,15.223546709659354,0,埼玉県
9,68,132.3959232363297,441.6203520479167,48.546395649795016,23.840701479783817,1,埼玉県
10,47,139.04453210992455,81.82614001286672,42.16658512928865,5.463411038998516,0,埼玉県
11,54,138.2944425499091,27.6216202766365,58.90192841852412,10.327260127236253,1,埼玉県
12,53,122.56495129702294,89.4695449360131,40.87382349205832,24.890995050137114,0,埼玉県
13,46,128.64139607496335,31.581411674517632,42.07888868642539,7.356874465964836,0,埼玉県
14,40,81.04631690942217,54.09114099337116,42.27445691034173,4.4026892906841635,0,埼玉県
15,70,139.34688623505684,71.86433244696644,42.09602319687393,1.209543165331018,0,埼玉県
16,48,128.00386217592816,86.37415647510586,41.66078177934082,18.593579201231528,0,埼玉県
17,41,110.35972805160593,33.16233811226496,42.17966211806563,3.223108481737725,0,埼玉県
18,44,88.11227203280595,27.67626157857967,41.14120718479601,5.12744852444327,0,埼玉県
19,64,95.84720946385998,61.1077600722078,41.51597537347213,12.535292718215002,0,埼玉県
20,66,142.72543559620323,88.34014440303301,41.95706991606018,16.24482501628198,0,埼玉県
21,54,98.37996592051726,103.62991299862998,41.69579313669578,7.416704572663429,0,埼玉県
22,69,114.76558598492106,126.16817323724847,41.93151564827235,3.061310452897975,0,埼玉県
23,45,104.87373358167237,23.57425533063933,42.20166432133697,0.6267472436909978,0,埼玉県
24,51,133.0109356250288,43.77887437329794,41.902708508795705,7.349528840828551,0,埼玉県
25,41,111.52235086079986,36.58745714411353,41.375170982686306,5.518968687671969,0,埼玉県
26,59,95.65241066706866,38.55887163344841,41.09955799832529,3.226984338178233,0,埼玉県
27,43,99.2639274604079,60.59488758657983,41.33669818890336,7.4093027683305355,0,埼玉県
28,41,112.44796307470386,41.77006427612026,41.69784861338563,0.918561477288773,0,埼玉県
29,50,121.25055640525585,44.915512066084034,41.46371307428688,8.62552816136597,0,埼玉県
30,60,128.3874683289317,36.88745089420245,42.17889447384535,15.751574005308065,0,埼玉県
31,57,115.27962235942437,43.83492942295221,41.37454049041659,15.828287306191474,0,埼玉県
32,44,96.65263850172272,31.246156784796163,41.9177749243196,22.36825088158203,0,埼玉県
33,73,184.53623514703304,74.4025256376475,42.533338305410915,40.55039619484739,0,埼玉県
34,74,168.8670202017731,78.05594637401705,42.88430312867492,17.19761352043134,0,埼玉県
35,62,129.34976814860943,44.940603409732105,41.49763605079099,15.31199127642043,0,埼玉県
36,45,115.77303024741893,43.07822913605294,40.33951214162951,33.76566507046089,0,埼玉県
37,57,127.54036297044084,26.065623644933158,42.09508226649596,6.592648051240792,0,埼玉県
38,49,107.93832395317727,48.146741591452006,41.892479496694435,1.6348665361365047,0,埼玉県
39,43,100.36585192593576,18.87167628790837,41.26574999182189,2.535101803572833,0,埼玉県
40,49,80.92021474481672,39.354147091698316,42.743858094325056,2.9916595668765047,0,埼玉県
41,51,130.22175619105911,62.27846633136232,41.9170349635485,4.481957270418251,0,埼玉県
42,63,136.18984966057968,53.99521933068418,40.92760206527915,6.709891207531516,0,埼玉県
43,51,105.62777540817592,42.48243620643173,41.45284026718459,1.3055506131852492,0,埼玉県
44,42,108.12472729434629,100.11773224757478,40.73670514310141,2.9099123687428032,0,埼玉県
45,66,124.72154530884383,118.25136255300843,42.60401484493441,25.404743664949994,0,埼玉県
46,52,121.34646262173099,101.96399041484041,41.67303662666101,37.553273497242316,0,埼玉県
47,67,134.17951615609928,40.1764257039617,42.68346144849514,14.266525032761301,0,埼玉県
48,69,157.4448545847438,80.23503227191819,41.6194081486915,43.09913375028736,0,埼玉県
49,48,143.2780663193867,67.46057445792029,41.990370514658224,5.543694670377405,0,埼玉県
50,73,124.78981952780738,79.01433009047881,43.33874426749341,3.357917280274393,0,埼玉県
51,72,144.07577416094634,61.95487308783681,60.639845038958626,29.39024001898199,1,埼玉県
52,70,165.81534129695274,64.29320932400063,41.5025331785206,5.217945321789879,0,埼玉県
53,65,117.87339186327621,54.94701005739556,41.66162248349734,24.053487234414714,0,埼玉県
54,62,132.8028153340044,45.05860939852866,40.812665247547294,3.59569765475365,0,埼玉県
55,56,140.76296291901534,64.8344124550685,41.19468737019035,9.006885921787337,0,埼玉県
56,53,120.35629726037573,25.959813919891058,42.80139090643778,3.424219587295362,0,埼玉県
57,44,106.97547685582222,135.79329058672354,41.44630433352473,24.74025183359867,0,埼玉県
58,44,138.89531516020952,115.40266820319168,40.089964443053965,8.884851955243322,0,埼玉県
59,48,136.9992527263299,42.68167163584342,42.78427005685543,1.3769013105002552,0,埼玉県
60,42,89.59385014953072,93.83791475111273,41.21954221010814,1.1774827672035313,0,埼玉県
61,49,112.4495516689479,91.30331199337947,40.87348019988228,53.76062179599593,0,埼玉県
62,47,130.33520066082744,19.762831014455948,42.54819813530658,6.286789508360655,0,埼玉県
63,60,133.29854242129534,54.07373429855159,58.67440054756244,25.67211106828655,1,埼玉県
64,48,119.91637948421594,78.9547721673899,41.32218093417048,4.13510167601379,0,埼玉県
65,42,105.79832929791644,150.00300383854864,41.410808054337764,8.407268325103527,0,埼玉県
66,48,162.33632633949583,89.28082976196252,40.86257471874411,37.14572312071729,0,埼玉県
67,61,124.46224392472715,104.25300668273545,40.011109672015486,6.124089446588071,0,埼玉県
68,66,123.12765306830566,77.34074817895872,41.832070463891846,7.1399838971544725,0,埼玉県
69,46,113.6641558320917,51.076601128257536,42.151318238588814,3.772303986066345,0,埼玉県
70,40,104.05963872923857,13.183735183232733,42.173490906732916,20.151988653953204,0,埼玉県
71,47,116.67486179165925,8.349825717022073,43.29866410495431,1.7438749832864013,0,埼玉県
72,59,144.99005730406702,65.6755003601794,41.565011133776565,8.134557400397634,0,埼玉県
73,56,121.52004389890735,47.35358488621038,41.517612624940476,15.862607849191244,0,埼玉県
74,42,135.69200621471765,74.92588463987329,49.06069047718874,63.99576881108954,0,埼玉県
75,67,176.9198194237708,45.26454110045555,42.23177640221659,6.239694634858488,0,埼玉県
76,67,119.35094896857572,46.537870825875274,75.61405656635732,9.615316390071161,1,埼玉県
77,53,126.5061310821355,129.08819390920155,42.12582009235232,17.04080183961349,0,埼玉県
78,50,123.98378870361698,87.26255136219892,42.42091886001261,19.303140416134962,0,埼玉県
79,40,131.59227080508734,12.46977196407811,42.238448452709584,20.20282818435067,0,埼玉県
80,57,109.48190500093696,127.51905746763676,44.98874124799634,17.693215479549554,1,埼玉県
81,66,103.1542725329723,41.12808983941048,40.790958427526796,8.449199305742951,0,埼玉県
82,53,126.53127955051285,12.422094192714603,42.9783120741717,2.0090335577616916,0,埼玉県
83,47,111.45685142148665,31.83796910358051,41.91973727179719,1.6366882919985952,0,埼玉県
84,42,90.68455929311551,48.675318277836524,42.835206439007074,1.770376759898206,0,埼玉県
85,49,96.20357595007296,62.22444773758335,40.71485993877551,7.159546213958849,0,埼玉県
86,48,90.33412700486107,138.64695098861705,41.56178956018976,5.6832594908475516,0,埼玉県
87,43,91.22043763393873,12.153819062993549,41.570014384262564,6.236456803086546,0,埼玉県
88,58,115.81235282301972,86.35232782540294,40.96652732844953,25.319457621496692,0,埼玉県
89,52,132.17260441084935,95.59485516131657,55.594199517548695,25.317376557347014,1,埼玉県
90,44,114.80128649934254,91.68238276114319,41.5576648814018,12.819189316392533,0,埼玉県
91,55,113.28368400555979,97.61028859662092,41.53497809323657,16.49175402007136,0,埼玉県
92,41,112.92517972388083,54.47942287009026,74.87072254106832,8.39596157615603,0,埼玉県
93,57,133.67312149982038,229.23653116505437,46.07082112228398,88.79097815673289,0,埼玉県
94,46,103.65330200612416,142.75938229441624,40.52310469301753,8.124711200025514,0,埼玉県
95,62,132.10343293540748,65.95880546739504,41.04427240520823,27.350341735963287,0,埼玉県
96,49,125.83996996907582,74.80687373606973,41.25991651681402,20.600137660343613,0,埼玉県
97,62,116.39223988603767,135.52684971470885,40.998060552633284,5.88683072751157,0,埼玉県
98,56,115.67847424926623,28.789114083822863,42.07615843250853,8.813717484149732,0,埼玉県
99,69,124.38195863331876,40.816093334619005,42.27780526589928,7.8919844104193855,0,埼玉県
100,42,119.69510245982946,37.485910391674025,42.15911525013307,7.396833540894798,0,埼玉県
101,60,98.3482500431879,107.04917607946477,40.90089969758485,47.67255672129045,0,埼玉県
102,53,106.77368928577023,76.31770602539734,40.8074223967117,15.402109689951585,0,埼玉県
103,41,112.9453531943864,118.845899688178,41.80363764339353,17.990770616048295,0,埼玉県
104,63,129.8994802220033,53.87245376981704,42.449726906509504,12.2729364943582,0,埼玉県
105,69,122.9837275526487,72.54025790733678,41.48313842548771,17.274302263891364,0,埼玉県
106,73,106.97999861387214,75.25554908545197,41.13113145447594,3.9208562261710855,0,埼玉県
107,64,142.17765302219726,36.252709607495106,41.350717724682845,7.070282160215278,0,埼玉県
108,43,138.3928552437213,126.87575635128387,41.13919138206347,19.40606567107316,0,埼玉県
109,43,113.40769452770347,47.316662855053636,41.076631879698716,3.6698880173756647,0,埼玉県
110,74,115.4161368413014,28.412422933169378,43.226445706444125,4.930264484241974,0,埼玉県
111,61,117.98110072252126,103.95015340746322,41.28877311289707,24.288995130385523,0,埼玉県
112,40,89.84791012809235,169.30928913851946,41.44378853137038,6.235658240531286,0,埼玉県
113,53,61.013273802218706,11.32515185112086,42.68801984483273,4.588925474485351,0,埼玉県
114,67,156.02572142485207,56.99257092585664,41.21381116948695,4.887732519683563,0,埼玉県
115,48,80.82062446400371,65.64194727675722,40.13950655787841,3.8244458485880246,0,埼玉県
116,72,142.279880044485,51.58787747516926,50.576326367559744,6.4200955892882705,1,埼玉県
117,46,142.52281678932306,67.9028473968191,41.80148523094415,1.3667995333489849,0,埼玉県
118,71,138.94222531026415,78.4952354034936,41.06106742718876,12.436681389541992,0,埼玉県
119,69,128.393023897118,33.88164143981339,41.85228353653152,22.447219137632793,0,埼玉県
120,72,152.69559198044942,112.52537633090756,52.80978849416368,12.117334444407623,1,埼玉県
121,49,85.63394807298774,72.08312671468445,41.05129889387292,3.568163005583974,1,埼玉県
122,47,107.6828214906725,67.54624692448827,40.290869995769526,1.3516485710912831,0,埼玉県
123,57,110.74253105778618,82.15278349482203,40.74942806253355,22.322221581705456,0,埼玉県
124,60,118.33306965758362,59.218140776881505,58.78168559660637,5.341333899603226,1,埼玉県
125,40,116.91729226850117,44.5082144159921,41.6386697659708,1.243472466635801,0,埼玉県
126,54,136.98462579567865,39.16773350243924,41.632911730106514,1.9862483475155908,0,埼玉県
127,49,123.47420448862412,209.86604365872017,45.47453400231895,100.7552796931022,1,埼玉県
128,62,100.73012078778208,122.76360151877111,57.563104022402726,92.91319016816547,1,埼玉県
129,50,146.92779012004894,53.99702451252544,41.15064603480931,3.6102845003691075,0,埼玉県
130,60,153.48559341002272,154.7580518440008,50.012090234331225,16.304395889521352,1,埼玉県
131,54,115.82179651387331,43.29988704907377,41.31392760462332,1.9661029139692041,0,埼玉県
132,42,129.4649855189712,60.943789320198064,40.85136680207584,4.715081955406163,0,埼玉県
133,65,142.7496955871424,37.6262601828875,41.97709241173034,8.999153742257814,0,埼玉県
134,68,113.04410690646588,20.47789321456443,42.39904399751843,3.449397281486338,0,埼玉県
135,43,112.1953354157158,37.265592946330464,40.6008578254559,25.63548790006758,0,埼玉県
136,67,113.29956654773146,59.84054372068829,41.614574565697225,5.193808433435897,0,埼玉県
137,52,110.38873601925862,34.728542197271416,41.70478948970195,9.679941819041169,0,埼玉県
138,61,134.57114006454378,90.59555226080872,41.63991308059215,20.401749808993458,0,埼玉県
139,51,74.3384930484638,93.05191399306614,41.13177379214262,13.181240240402918,0,埼玉県
140,58,126.65625367787095,157.1792833571872,41.029333879480774,20.731056413185037,0,埼玉県
141,67,112.49558350049566,71.86164657625774,42.83781614556951,53.99795298996477,0,埼玉県
142,40,88.21318452370795,18.05048514534716,42.76534634382628,5.923942237560215,0,埼玉県
143,44,121.09246523284654,41.489825676018555,41.614128698073316,2.801301440630877,0,埼玉県
144,40,111.95622640441474,81.9772743951672,42.21562996338794,30.59659052111703,0,埼玉県
145,46,140.75621261723177,119.39126806008406,40.46005484385121,9.236016676949413,0,埼玉県
146,41,116.68030139192416,48.085272979697834,41.38993473872698,2.2080642318271835,0,埼玉県
147,49,113.52846841923646,108.7764874580332,41.10996084006973,3.4686265873626136,0,埼玉県
148,74,112.89000944387499,189.33336681890947,41.387234918899686,8.845786250023565,0,埼玉県
149,50,128.68253249219856,171.3307703027774,41.039563336859636,4.9934070749159005,0,埼玉県
150,47,107.88122213150767,52.41493693174217,61.88138906141397,16.076013749147897,1,埼玉県
151,43,115.39483052398215,67.5391186021977,41.588677234899414,12.560509399028883,0,埼玉県
152,67,125.56898806662872,68.58214283504792,41.868714494510016,4.908109514385184,0,埼玉県
153,68,129.25904287555989,102.69881256538673,42.10373582577348,8.262407589695291,0,埼玉県
154,45,87.5839419013223,48.01929761427427,41.13634715179503,2.1577853948478505,0,埼玉県
155,74,128.44497243285605,150.86889170994965,48.99354290406889,35.84655551235479,1,埼玉県
156,56,131.6065694906697,41.29877906353139,41.334954794623165,17.262489871638802,0,埼玉県
157,49,139.71197381703138,142.1149584702632,48.46055362654071,56.64459441718448,1,埼玉県
158,49,119.67868655483792,43.777263317452835,40.96314637455343,8.86044541356053,0,埼玉県
159,50,121.35090224507653,90.89815775296786,41.18826007852664,25.499585655792274,0,埼玉県
160,47,91.92795640430239,49.83342639805777,41.79355330651521,2.769729426449816,0,埼玉県
161,42,102.92539900322559,25.441027688438545,41.79189086139934,4.4183916093191895,0,埼玉県
162,68,125.85504043861346,56.66449569936733,41.348782415679395,9.407465221842083,0,埼玉県
163,40,128.55591400618084,26.90113267612151,42.17956185580845,40.275733867340485,0,埼玉県
164,52,133.78152639323432,113.35969475234945,41.621073960197926,18.733097325400607,0,埼玉県
165,61,134.33387140349657,95.03624697378704,41.60039092300824,7.073325667572149,0,埼玉県
166,72,154.73288169379515,162.63051932097733,40.82708886499077,14.985843741508582,0,埼玉県
167,61,136.2591813260677,28.971211181062145,41.46655663453162,13.265603057179842,0,埼玉県
168,40,119.36386556691087,19.79018479553789,42.293527624854725,6.045042013867072,0,埼玉県
169,55,111.86295519058577,114.97487883751066,40.619703900506835,9.089708157218013,0,埼玉県
170,43,107.58727536644658,79.14589945049377,41.40939542727966,10.157449071268578,0,埼玉県
171,54,125.18484318034679,41.6933165131453,41.743567392553345,3.4910656441175782,0,埼玉県
172,40,129.66115271257738,38.42328521149209,40.79850364542003,4.470866324992541,0,埼玉県
173,63,126.51069269662757,61.90451026068402,42.15593553566024,16.517981828120472,0,埼玉県
174,73,135.23594591989476,163.14246949317317,54.612244053216415,56.559843520569935,1,埼玉県
175,74,141.58774601228063,73.93772075438113,40.4702068040494,35.91222681784693,0,埼玉県
176,52,103.12122296398155,47.58968571021957,41.24570182318313,3.716779411385083,0,埼玉県
177,63,111.60216261552054,136.58572650592322,41.28592277598168,7.762871270397514,0,埼玉県
178,47,147.1834945911594,54.57532685152386,41.01266366171044,3.804794279242916,0,埼玉県
179,44,127.35505671537537,57.65546253487019,41.2649358665809,2.246125204694649,0,埼玉県
180,49,111.2355089994456,16.08268941985519,41.10298089903241,1.6147710669056121,0,埼玉県
181,62,121.05718926538108,48.16762241581665,41.66836366776855,5.165546206012176,0,埼玉県
182,44,108.9415167296296,459.43404724517535,40.735920540700114,9.445605908982879,0,埼玉県
183,57,141.20475347647044,79.6450942004501,41.119901819482905,27.77211381300226,0,埼玉県
184,44,118.41355897057844,27.29839300972229,42.36021183202287,2.752174246437054,0,埼玉県
185,65,110.14788724473449,61.067677099629236,41.23820181103803,16.635456836556354,0,埼玉県
186,60,125.38631819013662,148.6471760031624,39.26820805932095,4.364016162171084,0,埼玉県
187,61,125.14150656728083,166.91145805032744,40.791561951429145,9.022838299854348,0,埼玉県
188,49,99.59284846582065,22.813635308627866,41.77761352564179,5.619130215204799,0,埼玉県
189,53,87.54389787290725,66.26673726076768,41.520116698026634,2.3771706460233086,0,埼玉県
190,47,109.46591689105993,55.049458937749264,41.124467340802525,11.94821424390858,0,埼玉県
191,54,140.08247375693233,342.8645044706035,40.730435273683625,62.20450387781991,0,埼玉県
192,54,118.49665741207596,34.029931390125206,41.92309246632941,2.9975101532878847,0,埼玉県
193,59,123.48277083490115,111.28690943234729,40.636030443239136,5.338042379623612,0,埼玉県
194,72,140.22781461498045,79.42726846366901,41.95775464591985,5.851326593414476,0,埼玉県
195,41,100.94412038262004,124.10457044370072,40.306008462463296,2.090668612255412,0,埼玉県
196,42,121.87429387294821,75.5513443548989,40.328985146995585,40.28328823350494,0,埼玉県
197,63,100.34442755424772,67.92105871532733,41.45781629973179,5.73021536736423,0,埼玉県
198,54,101.61539127129097,25.401603222127648,41.55321676334971,4.990894657871075,0,埼玉県
199,57,136.64543877810277,371.2947300253329,55.74475483839757,18.37480483372487,0,埼玉県
200,70,132.30208390925458,28.432418303357707,42.48947091875542,4.300298254241397,0,埼玉県
201,61,146.8962386533909,1034.0466320221658,45.81816387573844,24.667423545034538,1,埼玉県
202,42,134.51130654233418,28.706875694745424,41.46847788578077,1.7542490111559632,0,埼玉県
203,42,83.87305818337549,12.370541464007468,41.51830200068446,3.695041330211961,0,埼玉県
204,69,103.38221869315103,63.278131735775105,41.03989827169384,7.820122124215641,0,埼玉県
205,48,109.77499072824978,111.37769649578611,41.17711734724721,10.899573013081143,0,埼玉県
206,42,128.9635377964358,173.07063464713184,40.64138730305054,6.852364021697648,0,埼玉県
207,41,83.3566704456736,10.906969417747302,43.82376051519068,6.963669443062181,0,埼玉県
208,62,169.85114193640874,331.4003353046565,46.59049533034057,9.410164091438386,1,埼玉県
209,64,146.48041352522785,34.276820142361224,41.482021172533585,5.494073592741067,0,埼玉県
210,57,107.59182563025186,118.31936817361584,41.555603775474104,5.073539779851165,0,埼玉県
211,66,137.9100534090592,60.761484424852334,41.99886804089707,4.224539504561379,0,埼玉県
212,46,129.8673896397806,88.64542075880698,49.24178838745584,17.255871290707365,1,埼玉県
213,46,116.20790728728602,92.85636131779009,41.70078066113872,24.448458626906852,0,埼玉県
214,50,105.99486644378979,48.16975148807205,40.939750098710995,2.2183900782995756,0,埼玉県
215,41,135.20536933556855,36.27065592327587,42.18488431402556,2.759965365995358,0,埼玉県
216,68,152.85579844951388,170.94791467395515,54.29008972233577,19.92781616271818,1,埼玉県
217,52,104.63941876667454,36.36888696360338,41.512968470911765,2.47081599158263,0,埼玉県
218,64,94.94316355689689,23.785843194283157,41.97343912566197,11.907712777957144,0,埼玉県
219,42,120.41684026788403,90.21367344736016,41.648641506624614,2.706290958124462,0,埼玉県
220,42,100.55666309874167,121.04774138805628,40.981153026744785,2.145048096629845,0,埼玉県
221,47,75.28914130322212,56.47198482462888,41.527961608903105,6.342693795443252,1,埼玉県
222,47,98.10140118791392,37.13747575646978,41.257502191453675,0.690133569095165,0,埼玉県
223,57,135.79954793374927,220.13618080293446,40.76372954624162,5.640694293850906,0,埼玉県
224,66,133.47314912354008,58.94589372295981,40.9119892995874,6.276049582894283,0,埼玉県
225,51,98.64292013351037,25.68322113997798,42.022605960546215,6.854196743475375,0,埼玉県
226,61,107.86094040103397,79.19640069243165,42.07552433658541,7.024753828291984,0,埼玉県
227,66,156.15701707750077,75.5416862233298,41.90000450637161,11.5026961052936,0,埼玉県
228,47,120.76302485425333,92.53049636542475,40.969273528706466,10.306155102834333,0,埼玉県
229,66,134.15004028426029,96.17721854848347,42.18622462970228,3.598897418610145,0,埼玉県
230,60,119.60565394426159,32.58609136765587,41.89321763509168,21.767931517296542,1,埼玉県
231,73,99.4506576239702,143.1379324896001,40.93822473752022,20.597672065106156,0,埼玉県
232,51,111.33531224305996,113.05918226044578,41.823671747814245,62.12610661090872,0,埼玉県
233,61,141.52199381480258,250.445438805728,54.060294563694804,22.60744689482622,1,埼玉県
234,56,103.65217636931614,51.583270078322435,41.63565511571518,31.926545953222302,0,埼玉県
235,67,117.36068175354404,45.48902379503335,42.624472760043,29.28927971263417,0,埼玉県
236,52,74.22054590749264,68.86988267752807,41.20111229365842,3.4373333979998195,0,埼玉県
237,57,84.5288910036751,74.91086393570208,41.959426960691346,1.632568817831544,0,埼玉県
238,59,105.22504301312874,233.96496114327752,39.918094621323505,9.33864360519525,0,埼玉県
239,57,73.40178301405356,321.55531260941063,41.54087430215479,15.214807143804121,0,埼玉県
240,70,143.881255292522,108.0018163823386,41.76362159164848,21.844673769309637,0,埼玉県
241,50,128.3631506542668,78.08460713285261,40.74089842948826,4.731838341926533,0,埼玉県
242,40,126.80696130643722,106.40207871242,41.98882452223664,17.541845932888073,0,埼玉県
243,59,120.07276933036692,140.3736640597648,40.09102975497404,31.23564519882348,0,埼玉県
244,68,106.48599181636126,62.43989290968885,42.31404948164774,34.529453456042816,0,埼玉県
245,64,118.70989834480436,35.278047124356746,41.831762662891734,10.32247565649399,0,埼玉県
246,70,170.93683367377673,103.18656862908715,41.359806159625386,9.298081307897554,0,埼玉県
247,56,89.72101290649044,46.41789501226259,41.63194390269753,13.044973471372904,0,埼玉県
248,46,100.29387181790509,76.89582714820402,42.36296219402055,9.802846174482642,0,埼玉県
249,40,145.6967088125727,151.22974494815537,40.93745391520171,9.594846438283344,0,埼玉県
250,42,122.31025396072093,34.80367055442964,42.99876999611627,7.172826115414256,0,埼玉県
251,50,122.51242969116471,25.98582996965679,41.92982557414518,11.001834945971948,0,埼玉県
252,41,122.9593904961684,89.66172961057426,40.64358496992542,5.38504794529807,0,埼玉県
253,42,105.3654574469866,21.123723409061494,41.34479056769781,2.4980820010883207,0,埼玉県
254,40,114.32350992009316,179.42530647096598,41.50342941626535,10.568014728457818,0,埼玉県
255,73,99.69634019555329,116.21692688566813,40.6051062559264,6.04507703551419,0,埼玉県
256,66,156.05692915599116,28.25453865957514,41.382677258682605,4.83331719646558,0,埼玉県
257,54,104.07291883361691,46.38097118091689,41.20611625074155,11.838235335642077,0,埼玉県
258,59,124.49579926856258,97.41275506488059,41.47903876233603,14.921090528449145,0,埼玉県
259,47,108.40089637400594,206.02288571103466,40.83149847842851,8.737887279271472,0,埼玉県
260,56,134.99183593487282,119.77199775121285,40.26239693339034,33.05216059704599,0,埼玉県
261,45,131.83453284952893,99.25592094652733,41.155014442166,3.4311843871780554,0,埼玉県
262,50,135.76718883965762,261.5042964339586,40.92613262299427,29.59295888137172,0,埼玉県
263,49,157.3716234195145,332.26595307625684,40.91812829092453,9.935554963792212,0,埼玉県
264,45,107.4548325435948,62.86868063118833,40.70723284772635,3.2145065466033533,0,埼玉県
265,44,95.95192669082358,16.71539776494165,41.85565579900626,5.486445665559069,0,埼玉県
266,54,120.8266249570433,96.10471268628768,40.97352819489251,7.46258211934312,0,埼玉県
267,51,135.8345939933668,79.01004354613164,41.541615132625495,17.659599204593203,0,埼玉県
268,57,111.73339415590726,45.61358132696484,42.15302385383191,6.55066151376307,0,埼玉県
269,40,109.80416339488654,53.56783786464808,40.51992193045467,6.77164258269596,0,埼玉県
270,59,115.31041361246253,61.13755520122305,41.125581743123796,10.445472982159623,0,埼玉県
271,64,120.93868555190288,47.23094394805282,42.1581536071976,21.744227082615023,0,埼玉県
272,48,112.87049657581888,88.55596001712146,54.84847122210862,90.52843265132668,1,埼玉県
273,47,80.00983956601763,14.609434044442759,42.46724125484054,5.96789212275564,0,埼玉県
274,46,126.2538407702495,78.52363804808567,41.370646593914714,32.18943670699176,0,埼玉県
275,71,113.76281169308785,157.4091267080739,52.28736090942613,18.691750412843827,1,埼玉県
276,47,124.1371077314715,145.2353638901154,52.90113200715567,76.32443781564155,1,埼玉県
277,71,137.1243044903814,86.5302844425181,42.960996687058945,12.694686309318026,0,埼玉県
278,55,134.85772755728394,7.6294576588021155,42.37990558862363,5.332327402571375,0,埼玉県
279,48,126.93310129231047,70.4508447661333,40.92968279249927,4.754853809526152,0,埼玉県
280,41,106.02843762977797,32.4805033469463,41.96831793138179,6.739126907527215,0,埼玉県
281,63,101.13987017472118,19.09840530891094,41.5508729013661,0.5879980261761537,1,埼玉県
282,49,112.26932064770335,52.79019681943127,56.28886309210056,20.959327832773074,1,埼玉県
283,48,104.393602642785,37.743452789304804,42.5139206065301,11.432570216307544,0,埼玉県
284,60,120.15523210496526,34.34899124837833,41.37303614930576,5.099458922317939,0,埼玉県
285,72,112.01918794685645,42.802490368399255,41.95718646568125,17.84848796301806,0,埼玉県
286,53,132.4397007318379,125.07879862556072,41.44956879129907,32.08452077642325,0,埼玉県
287,65,99.49195046508777,89.76699926484675,41.96948830188417,11.323014399436062,0,埼玉県
288,46,82.30549305960088,82.78065127503392,40.718226569008245,10.96521412925445,0,埼玉県
289,49,148.27248461625464,81.71262996243408,40.85946272856719,5.26515936719573,0,埼玉県
290,45,136.45217121078537,276.5720275150246,34.53709041130689,62.67720685596389,0,埼玉県
291,41,105.86703138429479,29.94049965297056,41.48938605970187,0.24721252022542356,0,埼玉県
292,43,86.80371784490332,16.24758459102921,43.09183676018963,1.9836640265919716,0,埼玉県
293,49,118.01243180321514,451.3057871602944,49.654042058118726,48.16559325640731,1,埼玉県
294,45,113.73846893862247,59.5112654772438,41.9751662158545,2.545310690034603,0,埼玉県
295,63,136.5456368554198,63.7621291954809,41.695106672445114,21.9939296652044,0,埼玉県
296,73,152.49165735870608,168.1532811282044,41.77439602612759,10.289020034010392,0,埼玉県
297,58,113.84734414545399,57.22322244992631,40.22912351490906,16.666870848653662,0,埼玉県
298,49,118.94157872546779,56.66606375242034,41.335809819278886,10.5614484969647,0,埼玉県
299,74,161.4363776921665,150.197984884301,40.65660746268048,14.78269644704234,0,埼玉県
300,73,111.54189268052393,121.77411854955598,42.9299455473782,3.2278701543154122,0,埼玉県
301,54,126.95095594843416,21.37091684274482,41.21912902964856,5.014984814445226,0,埼玉県
302,62,169.6344740858383,253.7431657050792,41.1513742433073,58.18669198719391,0,埼玉県
303,72,122.63466794016561,116.41415866218163,42.22539165522037,8.644270543084144,0,埼玉県
304,67,150.90635450319232,95.43438269224526,41.86009896542443,2.4869471999057646,0,埼玉県
305,66,123.42066907597162,29.822946528194056,43.85786906771847,4.063104595385362,0,埼玉県
306,49,140.03470925112285,95.64516603033893,40.979218360189236,11.977220089548412,0,埼玉県
307,68,130.1796117162693,234.38538364924761,41.09084781926485,9.837877886699134,0,埼玉県
308,61,111.71148653540557,43.736940257889074,40.90084179838501,8.554322223752248,0,埼玉県
309,53,100.64587316326077,108.82005798678284,40.720339393702304,12.701581058511575,0,埼玉県
310,40,139.45678493765467,133.35001925477204,40.477614676829894,41.81184571437796,0,埼玉県
311,55,106.52628507394354,77.51009683785203,41.09145406891085,8.483413262430767,0,埼玉県
312,61,125.35476381802643,55.0321443495293,41.86369916079334,6.861943899995568,0,埼玉県
313,66,115.05883208663559,70.38715727010954,41.86200939657559,6.824518089799526,0,埼玉県
314,60,127.21669832078932,70.49429041141899,41.61780983679892,4.428291664333734,0,埼玉県
315,47,123.53768453461576,47.41381779528716,41.991366423984005,4.58889521243509,0,埼玉県
316,44,131.79485900437226,47.0172782799996,41.914366171234846,2.207580325747889,0,埼玉県
317,54,97.21786923523923,71.27243813092949,41.04198585044569,2.4649764123364384,0,埼玉県
318,61,126.72057083963841,102.63317282579688,49.48699640302278,26.469737252267926,1,埼玉県
319,57,126.6066431335053,32.21821432261443,41.74623526020005,6.565445180288389,0,埼玉県
320,67,126.8003951351599,135.1012540578846,40.89019493996673,90.79178276363375,0,埼玉県
321,70,137.2258009486648,50.66995313762534,41.899143301432325,8.176313009762064,0,埼玉県
322,52,112.49069636614783,54.02903086604282,41.590167152811446,11.771203932341347,0,埼玉県
323,59,80.32051723407947,103.53194887711315,66.63098441344884,168.47343701777697,1,埼玉県
324,65,141.63759534655105,194.87758249254964,40.85336652915304,27.7909022559311,0,埼玉県
325,41,91.71152258187965,14.443864294150774,41.369367301677265,1.1563001426717807,0,埼玉県
